<?xml version="1.0" encoding="utf-8"?>
<SekundiCases SchemaVersion="2.3"><!--Created by mambar from 196.117.21.105 (redownloaded) at 24/11/2019 16:16:00 with SCTS 2.3.14 (05/11/2019 19:53:42). (C) 2012-19 Sekundi by RM--><NewCase><countrycode>FR</countrycode><casenumber>16191</casenumber><referencenumberplaintiff/><casetype>B2B</casetype><courttitle><existing>0</existing></courttitle><broker><isfrombroker>0</isfrombroker></broker><plaintiff><lastname>test</lastname><firstname>test</firstname><companyname>Test company</companyname><street>20, rue d'Altenbach </street><streetnumber>-</streetnumber><postalcode>68760</postalcode><place>GOLDBACH</place><countrycode>FR</countrycode><phonenumber>0389823980</phonenumber><faxnumber>0389381433</faxnumber><mobilenumber/><email/><belongstogroup>0</belongstogroup></plaintiff><debtor><lastname/><firstname/><companyname>FRIGOCONCEPT - HABIB FIHAR</companyname><street>LOT 58 - S.1.3 ZI OULED SALEH </street><streetnumber>-</streetnumber><postalcode>20180</postalcode><place>BOUSKOURA CASABLANCA</place><countrycode>MA</countrycode><phonenumber>0000000000</phonenumber><faxnumber/><mobilenumber/><email/><vatnr>ETR000887</vatnr><debtornrplaintiff/><debtornrpartner>01108145</debtornrpartner><solvencychecknumber/></debtor><invoices><invoice><invoicenumber>44002/18</invoicenumber><invoicedate>2018-12-21</invoicedate><invoiceamount>4000.00</invoiceamount><duedate>2018-12-21</duedate><documentref>77d1d5b7-81d5-4bd7-a965-c102c86bb166</documentref></invoice></invoices><interest>0</interest><kindofinterest>Contractual</kindofinterest><basefee>49.00</basefee></NewCase></SekundiCases>
